First Name,Last Name
Aurelius,Fitzgerald
Ginevra,Chaucer
Cassius,Beaumont
Isolde,Blackwood
Septimus,Westminster
Eleanor,Winchester
Valerius,Whitmore
Guinevere,Redcliffe
Caius,Forrester
Rowena,Bradbury
Lucius,Marlowe
Elowen,Fairfax
Maximus,Hawthorne
Evangeline,Lancaster
Titus,Drake
Aveline,Pendragon
Augustus,Somerset
Aurelia,Monroe
Lysander,Kingsley
Elaine,Witherspoon
Julius,Cromwell
Gwendolyn,Hastings
Constantine,Bannister
Cordelia,Harper
Marcellus,Covington
Rosamund,Wycliffe
Tiberius,Stanhope
Isolde,Clifford
Cassian,Rutherford
Arabella,Harrow
Hadrian,Merrick
Eloise,Stratford
Remus,Windsor
Seraphina,Donovan
Percival,Llewellyn
Clementine,Addington
Octavius,Chadwick
Beatrice,Carlyle
Quintus,Faraday
Briallen,Montgomery
Cyprian,Dunstan
Aurelie,Thornton
Galen,Warwick
Euphemia,Pendleton
Marcus,Langley
Giselle,Carlisle
Corin,Barlow
Althea,Claybourne
Lancelot,Chatham
Guinevere,Manning
